FarmerID,FullName,Contact,Location
1,Ayanda Khumalo,0747795691,North West
2,Dineo Moloto,0726585780,Western Cape
3,Tshepo Sithole,0731151055,Eastern Cape
4,Sibusiso Mokoena,0747243751,Eastern Cape
5,Thabo Mokoena,0787875360,Gauteng
6,Sibusiso Dlamini,0738726278,Gauteng
7,Thabo Mokoena,0731264133,Mpumalanga
8,Nomsa Khumalo,0739740676,Mpumalanga
9,Lerato Baloyi,0723497018,Western Cape
10,Dineo Khumalo,0714573057,North West
11,Tshepo Ngcobo,0771725277,North West
12,Tshepo Ndlovu,0761697312,Northern Cape
13,Kagiso Ndlovu,0739112305,Northern Cape
14,Nomsa Mahlangu,0725161427,Western Cape
15,Sipho Khumalo,0752523593,Free State
16,Sipho Ndlovu,0758473721,Gauteng
17,Lerato Nkosi,0703327884,Free State
18,Kagiso Nkosi,0735226907,Limpopo
19,Kagiso Sithole,0722572173,Western Cape
20,Nomsa Ngcobo,0735017216,Mpumalanga
21,Nomsa Dlamini,0755385032,KZN
22,Sibusiso Baloyi,0759281576,Eastern Cape
23,Buhle Mokoena,0783793192,North West
24,Nomsa Ndlovu,0717127298,Free State
25,Thabo Moloto,0774587886,Eastern Cape
26,Sipho Ngcobo,0733241374,Northern Cape
27,Sibusiso Dlamini,0713580347,KZN
28,Sibusiso Mahlangu,0748787538,KZN
29,Buhle Khumalo,0732400165,Eastern Cape
30,Kagiso Mokoena,0786008239,Mpumalanga
31,Kagiso Dlamini,0763037850,Mpumalanga
32,Lerato Ngcobo,0723189084,Free State
33,Nomsa Ngcobo,0731967878,Mpumalanga
34,Tshepo Baloyi,0759270217,Northern Cape
35,Buhle Nkosi,0723367044,Mpumalanga
36,Tshepo Ndlovu,0761782156,North West
37,Sipho Ngcobo,0777317204,Free State
38,Ayanda Mahlangu,0788535844,Free State
39,Nomsa Dlamini,0727727619,Limpopo
40,Sipho Dlamini,0726894041,Northern Cape
41,Buhle Ngcobo,0707916807,Gauteng
42,Nomsa Mokoena,0747616912,Limpopo
43,Tshepo Ndlovu,0716403057,Northern Cape
44,Dineo Khumalo,0759096558,Western Cape
45,Sibusiso Baloyi,0777389944,Mpumalanga
46,Tshepo Sithole,0743003559,Eastern Cape
47,Thabo Ngcobo,0702813382,Western Cape
48,Sibusiso Ngcobo,0709589377,Northern Cape
49,Tshepo Moloto,0728161749,Northern Cape
50,Ayanda Moloto,0768912503,Free State
51,Ayanda Khumalo,0736915033,Limpopo
52,Sibusiso Khumalo,0723860389,Eastern Cape
53,Tshepo Mahlangu,0725327459,Western Cape
54,Dineo Ndlovu,0787402246,Limpopo
55,Tshepo Mahlangu,0761790292,Mpumalanga
56,Buhle Khumalo,0789207019,Western Cape
57,Nomsa Nkosi,0751851400,Gauteng
58,Tshepo Mokoena,0732340833,Western Cape
59,Sipho Mokoena,0767226493,Eastern Cape
60,Dineo Baloyi,0768519150,Northern Cape
61,Buhle Moloto,0788668213,North West
62,Dineo Sithole,0721978459,KZN
63,Sipho Khumalo,0734695915,Western Cape
64,Sipho Sithole,0718249367,Mpumalanga
65,Dineo Dlamini,0777481535,Northern Cape
66,Nomsa Baloyi,0707792963,North West
67,Sibusiso Baloyi,0711601300,Free State
68,Lerato Nkosi,0775097442,Gauteng
69,Tshepo Ndlovu,0728246855,Gauteng
70,Ayanda Khumalo,0737945294,Limpopo
71,Dineo Ndlovu,0783591480,Western Cape
72,Tshepo Dlamini,0721346573,Eastern Cape
73,Lerato Sithole,0755180838,Mpumalanga
74,Tshepo Ngcobo,0733680693,Gauteng
75,Thabo Moloto,0762052530,Limpopo
76,Lerato Mokoena,0701238492,Eastern Cape
77,Buhle Mahlangu,0727066607,North West
78,Lerato Baloyi,0772181298,Gauteng
79,Sibusiso Sithole,0762910939,Mpumalanga
80,Tshepo Moloto,0773633316,Free State
81,Thabo Dlamini,0701197286,Limpopo
82,Sibusiso Mokoena,0772695144,Gauteng
83,Nomsa Dlamini,0728163457,Mpumalanga
84,Kagiso Ndlovu,0788287383,KZN
85,Kagiso Khumalo,0716557373,Western Cape
86,Thabo Dlamini,0746136459,North West
87,Thabo Nkosi,0768245901,Free State
88,Tshepo Ngcobo,0716389166,Northern Cape
89,Thabo Mokoena,0764493885,Eastern Cape
90,Tshepo Ndlovu,0787236495,Western Cape
91,Buhle Nkosi,0708970195,North West
92,Tshepo Mokoena,0731827902,Limpopo
93,Tshepo Mahlangu,0726253020,Gauteng
94,Thabo Khumalo,0736679642,Free State
95,Lerato Ngcobo,0721063793,Eastern Cape
96,Kagiso Sithole,0773575489,KZN
97,Sipho Ngcobo,0776934381,Northern Cape
98,Buhle Nkosi,0772802404,Gauteng
99,Nomsa Mokoena,0715872951,KZN
100,Ayanda Ndlovu,0707231329,Eastern Cape
101,Sibusiso Dlamini,0726192773,Gauteng
102,Sipho Sithole,0785998153,Western Cape
103,Tshepo Nkosi,0716829647,Northern Cape
104,Dineo Ndlovu,0757849165,Western Cape
105,Sibusiso Ndlovu,0729209322,Northern Cape
106,Lerato Dlamini,0766929668,Northern Cape
107,Sibusiso Baloyi,0711310617,North West
108,Dineo Moloto,0719232533,Mpumalanga
109,Sibusiso Nkosi,0722879959,Eastern Cape
110,Thabo Sithole,0747726148,KZN
111,Buhle Mokoena,0728164686,KZN
112,Lerato Mokoena,0737891189,North West
113,Dineo Moloto,0737817581,Limpopo
114,Kagiso Moloto,0701708784,Northern Cape
115,Sibusiso Mahlangu,0763031531,Limpopo
116,Ayanda Ngcobo,0707124966,Gauteng
117,Sipho Baloyi,0703795065,Limpopo
118,Buhle Mahlangu,0736376994,Mpumalanga
119,Sibusiso Ndlovu,0743612797,North West
120,Kagiso Sithole,0741987387,North West
121,Dineo Baloyi,0739006920,Mpumalanga
122,Sipho Dlamini,0707754631,Western Cape
123,Kagiso Mokoena,0769942030,KZN
124,Thabo Moloto,0707652111,Eastern Cape
125,Thabo Ndlovu,0746515129,Limpopo
126,Lerato Mokoena,0736484056,KZN
127,Kagiso Sithole,0781604295,Northern Cape
128,Nomsa Ngcobo,0718380840,Gauteng
129,Tshepo Ngcobo,0757363723,Northern Cape
130,Buhle Mokoena,0748877202,North West
131,Tshepo Sithole,0778235988,Mpumalanga
132,Lerato Dlamini,0778821000,KZN
133,Lerato Sithole,0744278509,Eastern Cape
134,Kagiso Moloto,0752223123,Limpopo
135,Ayanda Mokoena,0719655838,Western Cape
136,Kagiso Moloto,0777843907,Eastern Cape
137,Thabo Khumalo,0741197024,Western Cape
138,Buhle Moloto,0705781116,Gauteng
139,Thabo Ndlovu,0725009338,North West
140,Tshepo Sithole,0724905106,Free State
141,Ayanda Dlamini,0728737314,Limpopo
142,Tshepo Khumalo,0779107006,Western Cape
143,Dineo Mahlangu,0706441731,Eastern Cape
144,Ayanda Ngcobo,0745104183,North West
145,Tshepo Mokoena,0714715144,Western Cape
146,Sibusiso Baloyi,0764022132,Mpumalanga
147,Kagiso Sithole,0736018165,Gauteng
148,Buhle Dlamini,0769758272,Mpumalanga
149,Thabo Dlamini,0716713792,Gauteng
150,Ayanda Khumalo,0752479416,Limpopo
151,Dineo Ngcobo,0768885571,Gauteng
152,Ayanda Nkosi,0789437239,Free State
153,Kagiso Sithole,0744838833,Free State
154,Dineo Moloto,0749322677,North West
155,Sipho Ndlovu,0749683115,Mpumalanga
156,Lerato Baloyi,0746746990,KZN
157,Lerato Moloto,0753041603,Mpumalanga
158,Sipho Moloto,0748436657,Free State
159,Tshepo Ngcobo,0767838065,Northern Cape
160,Thabo Baloyi,0764901184,Northern Cape
161,Tshepo Nkosi,0766462153,Western Cape
162,Sipho Sithole,0774058843,North West
163,Kagiso Ndlovu,0726389897,Limpopo
164,Tshepo Dlamini,0729549798,Western Cape
165,Sibusiso Khumalo,0757861641,Limpopo
166,Buhle Mokoena,0761729368,Mpumalanga
167,Sipho Mokoena,0708717270,Western Cape
168,Dineo Ngcobo,0783878980,Eastern Cape
169,Sipho Dlamini,0712918011,Mpumalanga
170,Buhle Moloto,0717345184,KZN
171,Buhle Khumalo,0775085626,Western Cape
172,Buhle Mahlangu,0785719730,Free State
173,Sipho Nkosi,0769038590,KZN
174,Ayanda Ndlovu,0737271915,Limpopo
175,Thabo Dlamini,0787500864,Gauteng
176,Tshepo Mahlangu,0733293646,KZN
177,Kagiso Baloyi,0706777863,Gauteng
178,Kagiso Nkosi,0758990115,Free State
179,Nomsa Ngcobo,0742857966,Western Cape
180,Thabo Khumalo,0728678588,Western Cape
181,Thabo Ndlovu,0746408765,KZN
182,Tshepo Khumalo,0707494650,Mpumalanga
183,Sipho Moloto,0762391642,Mpumalanga
184,Nomsa Nkosi,0702819023,Gauteng
185,Nomsa Moloto,0746138058,Gauteng
186,Ayanda Baloyi,0767658379,Gauteng
187,Buhle Nkosi,0753852111,KZN
188,Dineo Ngcobo,0732861716,Eastern Cape
189,Dineo Moloto,0774212070,Northern Cape
190,Sipho Ndlovu,0727714245,North West
191,Sibusiso Mahlangu,0702290887,North West
192,Sibusiso Nkosi,0778941634,Western Cape
193,Ayanda Sithole,0731002925,Gauteng
194,Thabo Mahlangu,0738093505,Mpumalanga
195,Dineo Ndlovu,0779312725,Gauteng
196,Lerato Nkosi,0717362382,Mpumalanga
197,Buhle Mahlangu,0782304178,Western Cape
198,Sipho Nkosi,0737219045,Mpumalanga
199,Buhle Mahlangu,0743650581,Gauteng
200,Thabo Ndlovu,0776582717,Northern Cape
201,Kagiso Dlamini,0742878212,North West
202,Thabo Khumalo,0714804556,Mpumalanga
203,Kagiso Mokoena,0714722301,Free State
204,Dineo Sithole,0711787064,Mpumalanga
205,Buhle Moloto,0763831438,Northern Cape
206,Tshepo Nkosi,0752630936,North West
207,Nomsa Dlamini,0748599644,Northern Cape
208,Nomsa Mokoena,0775763671,Northern Cape
209,Ayanda Mokoena,0703024190,Northern Cape
210,Kagiso Dlamini,0712157013,Gauteng
211,Lerato Mahlangu,0772076817,Limpopo
212,Ayanda Khumalo,0714484856,Free State
213,Sibusiso Mokoena,0787888428,Limpopo
214,Nomsa Ngcobo,0726716366,Northern Cape
215,Dineo Moloto,0762916864,Western Cape
216,Buhle Moloto,0745507402,Free State
217,Thabo Mokoena,0744691896,Mpumalanga
218,Sibusiso Mahlangu,0737966280,Free State
219,Kagiso Baloyi,0734267785,Limpopo
220,Tshepo Moloto,0722186629,Mpumalanga
221,Lerato Mokoena,0743884355,Northern Cape
222,Dineo Baloyi,0752582589,KZN
223,Tshepo Nkosi,0763161689,Limpopo
224,Buhle Khumalo,0743116278,Eastern Cape
225,Buhle Mokoena,0744785638,Free State
226,Thabo Ndlovu,0722413670,Mpumalanga
227,Ayanda Baloyi,0739916281,Western Cape
228,Thabo Mahlangu,0716127346,North West
229,Dineo Sithole,0724727674,Gauteng
230,Tshepo Moloto,0713590573,Eastern Cape
231,Sibusiso Mahlangu,0708610615,Gauteng
232,Lerato Ngcobo,0702607689,Gauteng
233,Sipho Mahlangu,0737251132,Northern Cape
234,Ayanda Baloyi,0763446027,Limpopo
235,Lerato Mahlangu,0787088602,KZN
236,Buhle Baloyi,0716883572,Gauteng
237,Dineo Khumalo,0708528069,North West
238,Dineo Baloyi,0742958818,Northern Cape
239,Ayanda Mahlangu,0788451089,KZN
240,Nomsa Mahlangu,0746667225,Free State
241,Ayanda Ngcobo,0773449579,Free State
242,Nomsa Khumalo,0725421902,Limpopo
243,Sipho Dlamini,0735349644,Gauteng
244,Kagiso Mahlangu,0751339409,Northern Cape
245,Buhle Dlamini,0744708177,KZN
246,Kagiso Mahlangu,0713947772,Western Cape
247,Lerato Nkosi,0745166842,Free State
248,Ayanda Ndlovu,0767023528,KZN
249,Nomsa Mahlangu,0702724744,North West
250,Sipho Mokoena,0741551584,Gauteng
251,Sibusiso Sithole,0748394449,Mpumalanga
252,Lerato Sithole,0748539547,Mpumalanga
253,Buhle Ngcobo,0705699951,Northern Cape
254,Thabo Baloyi,0784193774,Free State
255,Sibusiso Ndlovu,0787325889,Mpumalanga
256,Lerato Dlamini,0728568840,Free State
257,Ayanda Mokoena,0706216333,Limpopo
258,Lerato Ndlovu,0769879063,Western Cape
259,Kagiso Nkosi,0782390749,North West
260,Sibusiso Mahlangu,0744079112,Mpumalanga
261,Tshepo Moloto,0718775662,Northern Cape
262,Lerato Mokoena,0774217633,Eastern Cape
263,Buhle Mahlangu,0756804754,Western Cape
264,Buhle Ngcobo,0734887361,North West
265,Sipho Moloto,0784673932,Mpumalanga
266,Kagiso Baloyi,0762302862,North West
267,Kagiso Sithole,0783647986,Northern Cape
268,Tshepo Sithole,0717350987,Western Cape
269,Lerato Sithole,0727262189,Free State
270,Thabo Khumalo,0722964101,Northern Cape
271,Tshepo Mokoena,0707134226,Eastern Cape
272,Sipho Moloto,0763969714,Eastern Cape
273,Nomsa Dlamini,0767692744,North West
274,Sibusiso Khumalo,0738771775,Mpumalanga
275,Buhle Nkosi,0765340287,Mpumalanga
276,Nomsa Baloyi,0723352374,Mpumalanga
277,Dineo Mahlangu,0743626788,Free State
278,Ayanda Baloyi,0721225436,Mpumalanga
279,Nomsa Nkosi,0775034409,North West
280,Sibusiso Nkosi,0751608734,Eastern Cape
281,Tshepo Nkosi,0737754774,Limpopo
282,Sipho Dlamini,0752226114,Western Cape
283,Tshepo Baloyi,0748754937,Eastern Cape
284,Sibusiso Ndlovu,0736071845,Limpopo
285,Thabo Dlamini,0724155043,Free State
286,Ayanda Dlamini,0728788896,Gauteng
287,Thabo Nkosi,0711119805,Limpopo
288,Kagiso Moloto,0772724527,Western Cape
289,Lerato Nkosi,0711914976,Limpopo
290,Tshepo Ndlovu,0702606406,Northern Cape
291,Thabo Baloyi,0701045445,Free State
292,Thabo Sithole,0706571714,North West
293,Dineo Moloto,0764523770,Northern Cape
294,Sipho Khumalo,0738448233,North West
295,Buhle Sithole,0716527432,Northern Cape
296,Buhle Moloto,0713639203,North West
297,Buhle Nkosi,0701532607,Gauteng
298,Sipho Nkosi,0718308014,Western Cape
299,Buhle Mokoena,0716419403,Limpopo
300,Thabo Mahlangu,0763361498,Northern Cape
301,Sibusiso Dlamini,0716415929,Limpopo
302,Thabo Khumalo,0732182313,KZN
303,Sibusiso Ndlovu,0779759435,Northern Cape
304,Kagiso Mokoena,0757065061,North West
305,Thabo Ngcobo,0758927969,Northern Cape
306,Kagiso Baloyi,0756182722,Northern Cape
307,Lerato Ngcobo,0785186378,Northern Cape
308,Nomsa Moloto,0749668313,Gauteng
309,Ayanda Ndlovu,0704349594,Limpopo
310,Dineo Nkosi,0717578830,KZN
311,Thabo Sithole,0706614206,Northern Cape
312,Tshepo Ndlovu,0727595640,KZN
313,Sipho Moloto,0774078160,Eastern Cape
314,Tshepo Baloyi,0722589284,Mpumalanga
315,Ayanda Mahlangu,0761001949,Free State
316,Sipho Dlamini,0728407874,Western Cape
317,Tshepo Khumalo,0772356709,Gauteng
318,Sipho Dlamini,0726964314,KZN
319,Kagiso Ndlovu,0765935346,KZN
320,Nomsa Sithole,0761989034,North West
321,Thabo Sithole,0702994510,Western Cape
322,Ayanda Nkosi,0705402092,North West
323,Thabo Ngcobo,0748146933,Western Cape
324,Kagiso Nkosi,0766634233,Limpopo
325,Thabo Mahlangu,0758213991,Northern Cape
326,Buhle Ndlovu,0716028773,Gauteng
327,Sipho Khumalo,0712913262,Northern Cape
328,Tshepo Mahlangu,0753115934,Free State
329,Dineo Nkosi,0771818956,Eastern Cape
330,Lerato Dlamini,0786076261,Northern Cape
331,Lerato Nkosi,0701750119,Mpumalanga
332,Ayanda Nkosi,0714074408,Free State
333,Buhle Moloto,0747714526,Eastern Cape
334,Tshepo Dlamini,0729578436,Mpumalanga
335,Thabo Khumalo,0745178278,Limpopo
336,Sibusiso Khumalo,0755485366,Gauteng
337,Tshepo Ndlovu,0757622815,North West
338,Dineo Mahlangu,0707215969,Eastern Cape
339,Sipho Dlamini,0721346516,KZN
340,Sibusiso Ndlovu,0708091713,Northern Cape
341,Sibusiso Mokoena,0701650469,Northern Cape
342,Ayanda Baloyi,0751267612,Gauteng
343,Dineo Ndlovu,0766493170,Northern Cape
344,Dineo Mahlangu,0772222435,Eastern Cape
345,Dineo Nkosi,0757291801,Eastern Cape
346,Kagiso Dlamini,0731868891,Free State
347,Thabo Mahlangu,0766876125,Western Cape
348,Nomsa Ndlovu,0749455016,Limpopo
349,Lerato Baloyi,0709832412,KZN
350,Tshepo Khumalo,0763346270,KZN
351,Sipho Sithole,0785262761,Western Cape
352,Ayanda Ngcobo,0728069911,Free State
353,Lerato Ngcobo,0748351908,North West
354,Nomsa Sithole,0707203081,KZN
355,Sipho Mokoena,0771283782,Free State
356,Thabo Nkosi,0754179615,Northern Cape
357,Thabo Khumalo,0717548589,Western Cape
358,Thabo Khumalo,0727845666,KZN
359,Dineo Ngcobo,0768175981,Western Cape
360,Buhle Dlamini,0713994804,Limpopo
361,Ayanda Mahlangu,0788911452,Free State
362,Sipho Moloto,0783835098,Northern Cape
363,Sipho Baloyi,0789780111,Free State
364,Ayanda Nkosi,0778912774,Mpumalanga
365,Kagiso Khumalo,0723683947,KZN
366,Buhle Dlamini,0701869164,KZN
367,Buhle Mokoena,0723910870,Eastern Cape
368,Tshepo Khumalo,0726165375,Gauteng
369,Dineo Ndlovu,0789661784,Free State
370,Lerato Mahlangu,0766930612,KZN
371,Tshepo Ngcobo,0728028345,KZN
372,Sibusiso Nkosi,0765120788,KZN
373,Sibusiso Mokoena,0778988033,Limpopo
374,Sipho Mahlangu,0757168454,Gauteng
375,Sibusiso Mokoena,0722308872,North West
376,Dineo Khumalo,0732675483,Eastern Cape
377,Sipho Khumalo,0737068638,Western Cape
378,Sipho Ndlovu,0749708526,KZN
379,Lerato Sithole,0772480929,Western Cape
380,Dineo Sithole,0709531784,Northern Cape
381,Ayanda Baloyi,0709481985,North West
382,Tshepo Nkosi,0712896205,KZN
383,Lerato Sithole,0742503053,Free State
384,Sipho Khumalo,0719230915,Gauteng
385,Ayanda Mokoena,0763301430,North West
386,Sibusiso Moloto,0703277853,North West
387,Thabo Mahlangu,0733825402,Gauteng
388,Nomsa Mahlangu,0741888643,Mpumalanga
389,Thabo Mahlangu,0726065736,Eastern Cape
390,Sipho Ngcobo,0759890995,Gauteng
391,Sipho Ndlovu,0713053890,KZN
392,Ayanda Nkosi,0774365679,Gauteng
393,Sipho Moloto,0786023534,KZN
394,Kagiso Mahlangu,0715042276,Northern Cape
395,Kagiso Nkosi,0704491677,Gauteng
396,Thabo Ndlovu,0701089532,KZN
397,Tshepo Mahlangu,0706156244,KZN
398,Sipho Ngcobo,0719776639,Free State
399,Lerato Ndlovu,0704568045,Eastern Cape
400,Sibusiso Mahlangu,0762876670,North West
401,Kagiso Nkosi,0712514516,Limpopo
402,Thabo Ndlovu,0776051864,Eastern Cape
403,Buhle Moloto,0771227993,Eastern Cape
404,Kagiso Mokoena,0732366863,Limpopo
405,Sipho Dlamini,0713149387,Gauteng
406,Sibusiso Moloto,0751996051,Gauteng
407,Tshepo Mokoena,0784299220,North West
408,Lerato Dlamini,0785710989,KZN
409,Ayanda Khumalo,0756858483,Mpumalanga
410,Thabo Mokoena,0701902661,North West
411,Sibusiso Nkosi,0752367882,KZN
412,Nomsa Mokoena,0785485094,Free State
413,Sibusiso Mokoena,0768094085,Western Cape
414,Kagiso Nkosi,0734294159,Free State
415,Nomsa Moloto,0777932104,Mpumalanga
416,Ayanda Ndlovu,0757766012,North West
417,Sibusiso Mokoena,0745764510,Western Cape
418,Sipho Ngcobo,0769322012,Eastern Cape
419,Thabo Ngcobo,0733838022,Mpumalanga
420,Ayanda Sithole,0777808718,Northern Cape
421,Sibusiso Mahlangu,0769419847,Eastern Cape
422,Kagiso Dlamini,0777209667,Northern Cape
423,Ayanda Ngcobo,0718885265,KZN
424,Buhle Ngcobo,0718602548,Gauteng
425,Lerato Ngcobo,0741314458,Limpopo
426,Dineo Ndlovu,0743408879,Western Cape
427,Kagiso Sithole,0779340942,Northern Cape
428,Sipho Ngcobo,0753569996,Eastern Cape
429,Sibusiso Khumalo,0701682799,Gauteng
430,Ayanda Moloto,0749472732,Gauteng
431,Thabo Ndlovu,0781617380,North West
432,Nomsa Moloto,0758601868,Eastern Cape
433,Dineo Baloyi,0747948014,Free State
434,Kagiso Khumalo,0721869821,Free State
435,Nomsa Baloyi,0776338344,Northern Cape
436,Tshepo Ngcobo,0733512344,Mpumalanga
437,Buhle Moloto,0755942521,Northern Cape
438,Sibusiso Sithole,0763463264,KZN
439,Lerato Ndlovu,0769788526,Eastern Cape
440,Dineo Moloto,0729043793,Free State
441,Dineo Sithole,0748290744,KZN
442,Lerato Sithole,0732815763,Free State
443,Dineo Khumalo,0734027408,North West
444,Sibusiso Nkosi,0789101943,Eastern Cape
445,Kagiso Sithole,0707297928,Western Cape
446,Kagiso Moloto,0783916570,Western Cape
447,Nomsa Moloto,0742490368,North West
448,Sibusiso Ndlovu,0762839923,Gauteng
449,Dineo Mahlangu,0741930258,KZN
450,Tshepo Dlamini,0734633184,KZN
451,Kagiso Moloto,0736440023,KZN
452,Dineo Sithole,0768385904,Gauteng
453,Thabo Mokoena,0703638405,Northern Cape
454,Sibusiso Moloto,0717562846,Gauteng
455,Lerato Mahlangu,0772743660,Eastern Cape
456,Lerato Ngcobo,0783523459,Mpumalanga
457,Sipho Khumalo,0748921060,Eastern Cape
458,Lerato Ndlovu,0787627622,North West
459,Sibusiso Sithole,0785255066,North West
460,Dineo Mahlangu,0723338518,North West
461,Sipho Moloto,0766813170,Eastern Cape
462,Lerato Dlamini,0713709333,Eastern Cape
463,Ayanda Mokoena,0743587480,Mpumalanga
464,Nomsa Mahlangu,0711550344,Gauteng
465,Lerato Nkosi,0741744886,Northern Cape
466,Lerato Mahlangu,0725896682,KZN
467,Ayanda Moloto,0757446979,Eastern Cape
468,Thabo Sithole,0776034564,Limpopo
469,Buhle Mahlangu,0754741399,Limpopo
470,Sibusiso Ngcobo,0759676687,Eastern Cape
471,Tshepo Dlamini,0716141429,Mpumalanga
472,Thabo Ndlovu,0758070545,Free State
473,Kagiso Mokoena,0759703854,Gauteng
474,Tshepo Dlamini,0761416367,Mpumalanga
475,Tshepo Khumalo,0759956378,Western Cape
476,Ayanda Khumalo,0709964782,Western Cape
477,Buhle Baloyi,0733508436,Western Cape
478,Sipho Sithole,0703413800,Free State
479,Nomsa Dlamini,0704740819,Mpumalanga
480,Kagiso Sithole,0757170616,Gauteng
481,Ayanda Ndlovu,0755437902,Northern Cape
482,Buhle Ndlovu,0716809245,Northern Cape
483,Tshepo Khumalo,0758249961,KZN
484,Buhle Ndlovu,0731656828,Mpumalanga
485,Tshepo Dlamini,0748645061,Free State
486,Thabo Khumalo,0715815164,Eastern Cape
487,Kagiso Sithole,0733829946,Mpumalanga
488,Dineo Nkosi,0774887405,Free State
489,Ayanda Ndlovu,0734470315,Northern Cape
490,Kagiso Ndlovu,0729801087,Gauteng
491,Dineo Mahlangu,0752854761,Eastern Cape
492,Lerato Nkosi,0764088584,Gauteng
493,Lerato Mahlangu,0754574020,Eastern Cape
494,Tshepo Nkosi,0723960153,KZN
495,Tshepo Baloyi,0789369421,Western Cape
496,Kagiso Baloyi,0701588332,Mpumalanga
497,Nomsa Dlamini,0728051725,Eastern Cape
498,Lerato Ngcobo,0711613588,Eastern Cape
499,Buhle Mahlangu,0746958246,Limpopo
500,Thabo Moloto,0702467327,KZN
501,Nomsa Ngcobo,0785807180,Eastern Cape
502,Thabo Khumalo,0753299317,North West
503,Nomsa Moloto,0768653967,KZN
504,Buhle Nkosi,0771752918,Limpopo
505,Thabo Moloto,0721432500,Gauteng
506,Dineo Dlamini,0729140198,Western Cape
507,Ayanda Baloyi,0787399359,Free State
508,Dineo Ngcobo,0765141094,Eastern Cape
509,Ayanda Ndlovu,0785298348,Western Cape
510,Kagiso Baloyi,0753297006,Eastern Cape
511,Buhle Nkosi,0781551598,Eastern Cape
512,Sipho Moloto,0778767650,KZN
513,Kagiso Dlamini,0763834951,Limpopo
514,Tshepo Moloto,0787464026,KZN
515,Sipho Khumalo,0738310312,North West
516,Sipho Nkosi,0761711784,Limpopo
517,Lerato Ndlovu,0706515139,Eastern Cape
518,Sipho Sithole,0774412908,Western Cape
519,Sibusiso Mahlangu,0771463246,North West
520,Lerato Mokoena,0754761128,Mpumalanga
521,Tshepo Baloyi,0788301170,Limpopo
522,Lerato Baloyi,0715278454,Limpopo
523,Dineo Dlamini,0778637485,Eastern Cape
524,Dineo Dlamini,0711816420,Northern Cape
525,Ayanda Nkosi,0758298712,North West
526,Kagiso Ndlovu,0732769204,KZN
527,Sipho Khumalo,0736082166,Mpumalanga
528,Sipho Ndlovu,0716327501,Free State
529,Tshepo Ndlovu,0733775909,Western Cape
530,Tshepo Ndlovu,0787714763,Gauteng
531,Sibusiso Baloyi,0746721361,Western Cape
532,Lerato Nkosi,0712576085,KZN
533,Nomsa Ngcobo,0781653530,Northern Cape
534,Nomsa Mokoena,0723850771,Limpopo
535,Lerato Moloto,0749815390,KZN
536,Buhle Baloyi,0729088643,Free State
537,Sibusiso Ndlovu,0755557243,Mpumalanga
538,Nomsa Moloto,0766314272,KZN
539,Thabo Khumalo,0703265309,Gauteng
540,Dineo Baloyi,0725307253,North West
541,Nomsa Mahlangu,0757509484,North West
542,Buhle Dlamini,0743599924,Free State
543,Nomsa Sithole,0729636596,Mpumalanga
544,Ayanda Baloyi,0735835766,Mpumalanga
545,Sipho Dlamini,0759769099,Western Cape
546,Tshepo Mokoena,0722852792,KZN
547,Dineo Mahlangu,0774080144,Northern Cape
548,Nomsa Moloto,0789542712,Gauteng
549,Dineo Khumalo,0734354873,Limpopo
550,Lerato Ngcobo,0708159570,Eastern Cape
551,Thabo Ngcobo,0779982656,KZN
552,Thabo Sithole,0767965585,Limpopo
553,Kagiso Mokoena,0729055881,Eastern Cape
554,Buhle Mokoena,0772145933,Free State
555,Tshepo Sithole,0747836239,Mpumalanga
556,Ayanda Baloyi,0729403110,Northern Cape
557,Thabo Mokoena,0749761322,Eastern Cape
558,Tshepo Ndlovu,0771018828,Gauteng
559,Nomsa Ngcobo,0718735808,Limpopo
560,Dineo Dlamini,0741557685,Eastern Cape
561,Thabo Mahlangu,0786902113,Northern Cape
562,Lerato Sithole,0705607155,Gauteng
563,Lerato Khumalo,0769929674,Limpopo
564,Kagiso Mahlangu,0736271730,Northern Cape
565,Dineo Nkosi,0774194333,Gauteng
566,Dineo Baloyi,0756942071,North West
567,Sipho Dlamini,0716758963,Gauteng
568,Tshepo Mokoena,0772334685,Free State
569,Ayanda Ndlovu,0723334207,North West
570,Buhle Khumalo,0718199997,KZN
571,Nomsa Sithole,0783126124,Eastern Cape
572,Sibusiso Khumalo,0759131310,Northern Cape
573,Sipho Dlamini,0739549795,Mpumalanga
574,Buhle Ngcobo,0713669539,North West
575,Kagiso Ndlovu,0714443908,Eastern Cape
576,Sipho Sithole,0757699127,Limpopo
577,Sipho Ndlovu,0773079836,Free State
578,Nomsa Ngcobo,0784002568,Northern Cape
579,Sibusiso Ngcobo,0783558481,Western Cape
580,Sipho Dlamini,0738286899,Northern Cape
581,Sipho Mahlangu,0772971871,Northern Cape
582,Ayanda Ndlovu,0759570594,Limpopo
583,Sibusiso Mokoena,0778877204,North West
584,Ayanda Mahlangu,0717584066,Free State
585,Nomsa Ngcobo,0774891483,Gauteng
586,Lerato Baloyi,0784817211,Limpopo
587,Dineo Mahlangu,0779348852,Gauteng
588,Kagiso Sithole,0754669623,North West
589,Ayanda Baloyi,0703623346,Western Cape
590,Buhle Khumalo,0707207101,Mpumalanga
591,Buhle Nkosi,0757207303,Mpumalanga
592,Buhle Ndlovu,0735042318,Gauteng
593,Buhle Baloyi,0718972679,Free State
594,Nomsa Nkosi,0782003827,Western Cape
595,Ayanda Sithole,0761985781,North West
596,Ayanda Ngcobo,0745133181,Limpopo
597,Tshepo Ndlovu,0719755113,KZN
598,Buhle Sithole,0715331523,Western Cape
599,Sibusiso Mahlangu,0717430704,Northern Cape
600,Kagiso Ndlovu,0712492157,North West
601,Ayanda Ndlovu,0788084765,Northern Cape
602,Sibusiso Ngcobo,0742160914,Western Cape
603,Sipho Dlamini,0785022316,Free State
604,Thabo Khumalo,0715785140,KZN
605,Nomsa Moloto,0732083067,Limpopo
606,Thabo Ndlovu,0703401768,Northern Cape
607,Buhle Dlamini,0728213873,Mpumalanga
608,Buhle Baloyi,0732070232,Mpumalanga
609,Sipho Ngcobo,0785890720,Gauteng
610,Ayanda Mahlangu,0765682406,Northern Cape
611,Thabo Mahlangu,0757781462,Eastern Cape
612,Tshepo Nkosi,0778022943,Gauteng
613,Thabo Ngcobo,0723389841,Free State
614,Dineo Sithole,0719856031,KZN
615,Lerato Nkosi,0709860048,Free State
616,Dineo Moloto,0784824083,KZN
617,Ayanda Mokoena,0744972664,Northern Cape
618,Sipho Ndlovu,0755650302,Limpopo
619,Ayanda Sithole,0754132840,Mpumalanga
620,Sibusiso Moloto,0764508381,Gauteng
621,Kagiso Ngcobo,0761995256,North West
622,Sibusiso Mahlangu,0756295702,Eastern Cape
623,Nomsa Dlamini,0734257020,Eastern Cape
624,Thabo Sithole,0775105706,Western Cape
625,Lerato Ngcobo,0759613516,Western Cape
626,Sipho Mahlangu,0765406464,KZN
627,Buhle Dlamini,0747100619,Northern Cape
628,Thabo Dlamini,0738329090,Western Cape
629,Buhle Moloto,0782670929,Gauteng
630,Lerato Mahlangu,0721737683,Mpumalanga
631,Sibusiso Dlamini,0725149683,Mpumalanga
632,Lerato Baloyi,0762859456,KZN
633,Sipho Baloyi,0713040590,Mpumalanga
634,Dineo Baloyi,0765934131,Free State
635,Kagiso Mahlangu,0705404876,Free State
636,Thabo Ngcobo,0733329795,Northern Cape
637,Kagiso Nkosi,0759968120,Mpumalanga
638,Tshepo Moloto,0702165863,North West
639,Sipho Mahlangu,0714508578,Gauteng
640,Sibusiso Mokoena,0766814165,Gauteng
641,Sipho Baloyi,0768890109,Northern Cape
642,Nomsa Dlamini,0773192813,Mpumalanga
643,Buhle Dlamini,0744794169,Northern Cape
644,Thabo Moloto,0717540699,Limpopo
645,Sibusiso Baloyi,0759331700,Western Cape
646,Lerato Dlamini,0758245521,Eastern Cape
647,Thabo Khumalo,0775615015,Mpumalanga
648,Buhle Mahlangu,0762567392,Free State
649,Thabo Dlamini,0776792399,Northern Cape
650,Sibusiso Mokoena,0766131489,Gauteng
651,Kagiso Baloyi,0705955712,Western Cape
652,Nomsa Nkosi,0779155762,Gauteng
653,Dineo Ndlovu,0789296122,KZN
654,Thabo Khumalo,0788839130,Limpopo
655,Tshepo Ngcobo,0785844217,Western Cape
656,Ayanda Mokoena,0781561742,Free State
657,Thabo Khumalo,0702190591,North West
658,Lerato Khumalo,0726548748,Free State
659,Tshepo Ndlovu,0775091775,Eastern Cape
660,Nomsa Dlamini,0772865742,Northern Cape
661,Sipho Mokoena,0785300395,Free State
662,Sipho Sithole,0745979463,KZN
663,Nomsa Dlamini,0767989654,Gauteng
664,Nomsa Khumalo,0773660448,Eastern Cape
665,Tshepo Dlamini,0737404965,North West
666,Buhle Khumalo,0743663481,North West
667,Lerato Moloto,0763530262,Western Cape
668,Dineo Ndlovu,0759473686,KZN
669,Sipho Moloto,0763275109,Northern Cape
670,Lerato Sithole,0707964092,Western Cape
671,Kagiso Ngcobo,0759416216,KZN
672,Sibusiso Khumalo,0718434211,KZN
673,Kagiso Ngcobo,0719268925,Free State
674,Lerato Mahlangu,0748921996,Gauteng
675,Kagiso Moloto,0789139000,Limpopo
676,Sipho Khumalo,0719080379,Mpumalanga
677,Sibusiso Mahlangu,0764580807,Western Cape
678,Buhle Mahlangu,0779396562,Limpopo
679,Sipho Mahlangu,0765667353,Northern Cape
680,Buhle Sithole,0761757233,North West
681,Ayanda Ngcobo,0711527482,Eastern Cape
682,Ayanda Mahlangu,0769051561,Limpopo
683,Lerato Mahlangu,0723475799,North West
684,Thabo Ndlovu,0779575735,Mpumalanga
685,Ayanda Ndlovu,0748602490,Mpumalanga
686,Lerato Dlamini,0732081598,Eastern Cape
687,Nomsa Sithole,0703336030,Limpopo
688,Nomsa Dlamini,0752209364,KZN
689,Lerato Sithole,0788729024,Northern Cape
690,Kagiso Nkosi,0749121344,Gauteng
691,Thabo Moloto,0776586685,Limpopo
692,Buhle Sithole,0726496641,Free State
693,Lerato Moloto,0756865159,Gauteng
694,Sipho Mahlangu,0703026222,Eastern Cape
695,Kagiso Mokoena,0755719257,KZN
696,Kagiso Baloyi,0769820858,Gauteng
697,Sibusiso Sithole,0744345014,Free State
698,Lerato Moloto,0732864080,KZN
699,Nomsa Mokoena,0709788205,Eastern Cape
700,Dineo Dlamini,0721841625,North West
701,Lerato Nkosi,0726432352,Limpopo
702,Thabo Mahlangu,0723509775,KZN
703,Sibusiso Nkosi,0738682724,Eastern Cape
704,Sipho Ndlovu,0715471936,North West
705,Lerato Moloto,0778928527,Western Cape
706,Ayanda Sithole,0763152373,KZN
707,Nomsa Khumalo,0754237924,North West
708,Kagiso Khumalo,0773370979,Limpopo
709,Kagiso Baloyi,0718439198,Mpumalanga
710,Thabo Ndlovu,0717101888,Limpopo
711,Sipho Moloto,0765213127,Mpumalanga
712,Thabo Ngcobo,0737047448,Mpumalanga
713,Thabo Baloyi,0708760197,Limpopo
714,Lerato Khumalo,0783236104,North West
715,Ayanda Baloyi,0784480886,Western Cape
716,Sipho Sithole,0784216187,Northern Cape
717,Sibusiso Ndlovu,0702485681,Free State
718,Lerato Baloyi,0718809868,North West
719,Sipho Dlamini,0717583690,Limpopo
720,Sibusiso Ndlovu,0727836959,Eastern Cape
721,Tshepo Ndlovu,0781144443,North West
722,Nomsa Nkosi,0735277720,Free State
723,Thabo Ngcobo,0788535058,Gauteng
724,Sipho Baloyi,0776937690,Western Cape
725,Nomsa Mahlangu,0717059686,KZN
726,Lerato Khumalo,0713998422,Free State
727,Ayanda Ndlovu,0721247931,KZN
728,Lerato Baloyi,0786461279,Northern Cape
729,Sibusiso Ngcobo,0757068978,Mpumalanga
730,Sibusiso Dlamini,0731568949,Northern Cape
731,Dineo Sithole,0758488826,Limpopo
732,Sibusiso Mahlangu,0726255292,KZN
733,Buhle Mokoena,0703636809,Gauteng
734,Nomsa Moloto,0784743336,Mpumalanga
735,Tshepo Baloyi,0728575684,Limpopo
736,Sibusiso Sithole,0742299140,North West
737,Sibusiso Nkosi,0715945655,Free State
738,Kagiso Mokoena,0731235817,North West
739,Ayanda Mahlangu,0733024229,Limpopo
740,Sibusiso Ngcobo,0739971268,Free State
741,Kagiso Dlamini,0785836237,KZN
742,Lerato Khumalo,0768111175,Free State
743,Dineo Moloto,0719680052,Mpumalanga
744,Ayanda Sithole,0741957126,Limpopo
745,Sipho Ndlovu,0788587032,Western Cape
746,Sibusiso Ngcobo,0708093850,Free State
747,Nomsa Mahlangu,0749582688,Western Cape
748,Tshepo Nkosi,0752822292,Limpopo
749,Dineo Dlamini,0758764336,North West
750,Nomsa Ngcobo,0737106374,Mpumalanga
751,Sibusiso Sithole,0729410803,Western Cape
752,Sibusiso Ngcobo,0716008850,Mpumalanga
753,Buhle Mahlangu,0786121602,Gauteng
754,Nomsa Khumalo,0719733575,Limpopo
755,Sipho Dlamini,0721826289,Limpopo
756,Dineo Moloto,0702769780,North West
757,Tshepo Sithole,0733263041,KZN
758,Tshepo Dlamini,0741083428,Free State
759,Thabo Moloto,0707646939,Eastern Cape
760,Tshepo Dlamini,0701792000,Eastern Cape
761,Buhle Nkosi,0746378407,Eastern Cape
762,Ayanda Khumalo,0718758415,Limpopo
763,Kagiso Dlamini,0789754917,Western Cape
764,Buhle Nkosi,0763069972,KZN
765,Thabo Moloto,0718311114,Limpopo
766,Thabo Dlamini,0748497504,North West
767,Ayanda Moloto,0789147279,Northern Cape
768,Sipho Mahlangu,0769461951,Northern Cape
769,Buhle Moloto,0759943636,Mpumalanga
770,Kagiso Nkosi,0707657974,Mpumalanga
771,Sipho Mahlangu,0777705672,Eastern Cape
772,Ayanda Mokoena,0756014050,Eastern Cape
773,Sipho Moloto,0722837473,KZN
774,Ayanda Dlamini,0701816130,Gauteng
775,Sipho Ngcobo,0774802182,North West
776,Sibusiso Mahlangu,0713777152,KZN
777,Buhle Nkosi,0774209522,Mpumalanga
778,Thabo Dlamini,0726770173,KZN
779,Lerato Baloyi,0717090092,North West
780,Kagiso Baloyi,0746180926,Western Cape
781,Nomsa Nkosi,0789730845,Free State
782,Buhle Baloyi,0732498287,KZN
783,Thabo Baloyi,0732925718,Mpumalanga
784,Dineo Dlamini,0787817509,KZN
785,Lerato Mokoena,0737596935,North West
786,Tshepo Nkosi,0718451315,Western Cape
787,Dineo Mokoena,0753843798,Western Cape
788,Ayanda Nkosi,0772453048,North West
789,Lerato Sithole,0703057759,KZN
790,Sipho Ngcobo,0702798000,North West
791,Nomsa Baloyi,0762425199,Northern Cape
792,Sipho Baloyi,0724294650,Gauteng
793,Ayanda Khumalo,0753121904,KZN
794,Dineo Nkosi,0702972518,Western Cape
795,Kagiso Ngcobo,0771835813,Free State
796,Sipho Mokoena,0714406130,Eastern Cape
797,Dineo Nkosi,0782682714,North West
798,Lerato Dlamini,0745500812,Gauteng
799,Kagiso Mokoena,0744659635,Limpopo
800,Ayanda Dlamini,0778300478,KZN
801,Dineo Ngcobo,0773339962,Western Cape
802,Sibusiso Mokoena,0759456695,North West
803,Sipho Ndlovu,0771388491,Northern Cape
804,Nomsa Ndlovu,0736829731,Eastern Cape
805,Ayanda Baloyi,0745254580,Eastern Cape
806,Kagiso Sithole,0739983373,Gauteng
807,Sibusiso Moloto,0729619375,Eastern Cape
808,Tshepo Ngcobo,0752877854,Gauteng
809,Thabo Ndlovu,0749213427,Mpumalanga
810,Dineo Moloto,0736424530,Gauteng
811,Buhle Mokoena,0715450401,Northern Cape
812,Lerato Sithole,0729803839,KZN
813,Sibusiso Khumalo,0753115902,Gauteng
814,Thabo Ngcobo,0787480556,Eastern Cape
815,Dineo Moloto,0719445283,Eastern Cape
816,Buhle Dlamini,0759614761,KZN
817,Tshepo Mahlangu,0773379170,Western Cape
818,Sibusiso Sithole,0771861693,Free State
819,Ayanda Moloto,0768537408,Northern Cape
820,Nomsa Moloto,0722471029,Mpumalanga
821,Ayanda Nkosi,0763662872,Northern Cape
822,Kagiso Baloyi,0722668171,Limpopo
823,Sibusiso Nkosi,0736553311,Western Cape
824,Nomsa Sithole,0733505549,Western Cape
825,Thabo Mahlangu,0776042913,Gauteng
826,Sibusiso Ngcobo,0722067727,Limpopo
827,Kagiso Mokoena,0745516749,Northern Cape
828,Lerato Baloyi,0745197643,Eastern Cape
829,Dineo Ndlovu,0751171651,Eastern Cape
830,Sipho Ndlovu,0708875115,Mpumalanga
831,Tshepo Baloyi,0783104439,KZN
832,Dineo Ngcobo,0716108882,Western Cape
833,Sipho Mahlangu,0712663372,Mpumalanga
834,Buhle Baloyi,0777927391,Northern Cape
835,Tshepo Ngcobo,0779650648,Western Cape
836,Nomsa Sithole,0773094813,Mpumalanga
837,Thabo Dlamini,0746683389,North West
838,Buhle Mokoena,0722215324,Western Cape
839,Kagiso Khumalo,0785414125,Limpopo
840,Tshepo Mahlangu,0746017988,North West
841,Tshepo Sithole,0721198403,Western Cape
842,Dineo Sithole,0703408065,Western Cape
843,Thabo Ndlovu,0782102433,Western Cape
844,Sibusiso Mokoena,0746269996,Gauteng
845,Buhle Khumalo,0768790027,Eastern Cape
846,Buhle Ngcobo,0738694658,Mpumalanga
847,Sibusiso Ngcobo,0727086789,Western Cape
848,Lerato Mokoena,0736685202,North West
849,Sibusiso Mokoena,0782311076,Northern Cape
850,Dineo Ndlovu,0776190067,Eastern Cape
851,Nomsa Mokoena,0778920444,Northern Cape
852,Sibusiso Moloto,0738046691,Free State
853,Ayanda Mahlangu,0717602489,Free State
854,Ayanda Ngcobo,0722118017,Gauteng
855,Buhle Khumalo,0779783575,Northern Cape
856,Kagiso Khumalo,0759861930,KZN
857,Thabo Khumalo,0776346161,Free State
858,Buhle Mahlangu,0738395108,Free State
859,Dineo Khumalo,0754829790,Limpopo
860,Sipho Baloyi,0729682676,Eastern Cape
861,Tshepo Mahlangu,0768356296,Mpumalanga
862,Kagiso Moloto,0781252118,Free State
863,Lerato Khumalo,0735019748,Free State
864,Sibusiso Ndlovu,0755959352,KZN
865,Dineo Moloto,0739660310,Northern Cape
866,Lerato Mokoena,0748852292,North West
867,Buhle Ngcobo,0757057199,Western Cape
868,Tshepo Sithole,0781951481,Mpumalanga
869,Ayanda Khumalo,0726671121,Western Cape
870,Nomsa Nkosi,0713142649,Eastern Cape
871,Tshepo Nkosi,0765803493,Eastern Cape
872,Sipho Moloto,0761197689,KZN
873,Kagiso Ndlovu,0704825335,KZN
874,Buhle Mokoena,0765759695,Gauteng
875,Sibusiso Ndlovu,0741602947,Northern Cape
876,Nomsa Baloyi,0779856107,Mpumalanga
877,Dineo Baloyi,0716374550,Free State
878,Ayanda Ndlovu,0704213327,North West
879,Nomsa Nkosi,0787704648,Northern Cape
880,Sibusiso Khumalo,0783146600,Eastern Cape
881,Nomsa Ngcobo,0765831363,KZN
882,Kagiso Baloyi,0757056377,Western Cape
883,Tshepo Dlamini,0766142094,KZN
884,Sibusiso Mahlangu,0733701587,Northern Cape
885,Thabo Sithole,0739030564,Eastern Cape
886,Ayanda Baloyi,0763463529,Limpopo
887,Kagiso Sithole,0747851827,Free State
888,Tshepo Moloto,0762380955,KZN
889,Buhle Moloto,0734307623,Free State
890,Thabo Mahlangu,0733785473,Western Cape
891,Nomsa Nkosi,0754287580,Free State
892,Nomsa Mokoena,0762890495,Western Cape
893,Sibusiso Mokoena,0726903881,Eastern Cape
894,Ayanda Ndlovu,0785077654,Western Cape
895,Buhle Baloyi,0728835230,Free State
896,Sibusiso Mahlangu,0707466177,Eastern Cape
897,Thabo Ngcobo,0734257571,Gauteng
898,Tshepo Dlamini,0715854162,Gauteng
899,Tshepo Dlamini,0743374003,Mpumalanga
900,Kagiso Baloyi,0761604921,North West
901,Sipho Mahlangu,0784302341,Free State
902,Tshepo Sithole,0762842878,KZN
903,Sibusiso Sithole,0709430456,Northern Cape
904,Tshepo Khumalo,0789745604,Northern Cape
905,Sipho Mahlangu,0737549314,Mpumalanga
906,Nomsa Dlamini,0703875799,Mpumalanga
907,Thabo Ndlovu,0781744810,Western Cape
908,Tshepo Ngcobo,0702728059,Free State
909,Ayanda Khumalo,0782527130,Northern Cape
910,Tshepo Dlamini,0744471975,Limpopo
911,Dineo Baloyi,0763283024,KZN
912,Buhle Moloto,0719078889,Northern Cape
913,Lerato Sithole,0737139439,Eastern Cape
914,Thabo Sithole,0789530918,KZN
915,Dineo Mahlangu,0778086830,Eastern Cape
916,Ayanda Mahlangu,0728702441,Western Cape
917,Thabo Baloyi,0753025905,Mpumalanga
918,Lerato Mokoena,0766887607,Eastern Cape
919,Nomsa Nkosi,0714613931,Limpopo
920,Kagiso Nkosi,0728528545,Northern Cape
921,Ayanda Dlamini,0759557105,Free State
922,Nomsa Mokoena,0781051754,Northern Cape
923,Lerato Baloyi,0739346377,Gauteng
924,Nomsa Nkosi,0712296867,Free State
925,Thabo Nkosi,0726953223,Free State
926,Buhle Ngcobo,0737648028,North West
927,Nomsa Dlamini,0731378942,Mpumalanga
928,Buhle Nkosi,0761963593,Free State
929,Lerato Mokoena,0768423345,Free State
930,Tshepo Sithole,0727183902,Gauteng
931,Nomsa Mokoena,0717252447,Northern Cape
932,Sipho Mokoena,0788421419,KZN
933,Dineo Khumalo,0724778947,KZN
934,Sibusiso Ngcobo,0725138771,Western Cape
935,Thabo Mahlangu,0709925077,Limpopo
936,Dineo Mahlangu,0745297507,Gauteng
937,Sibusiso Nkosi,0769934400,Free State
938,Nomsa Moloto,0763371658,Eastern Cape
939,Buhle Dlamini,0777293012,Free State
940,Tshepo Ndlovu,0724512640,KZN
941,Dineo Mahlangu,0767491648,Gauteng
942,Buhle Sithole,0717101041,Northern Cape
943,Kagiso Mahlangu,0742239601,North West
944,Buhle Sithole,0723018476,Limpopo
945,Kagiso Ndlovu,0703009714,Eastern Cape
946,Buhle Ndlovu,0738045412,North West
947,Sipho Nkosi,0701863262,Gauteng
948,Sipho Ngcobo,0783704961,KZN
949,Tshepo Sithole,0705337533,North West
950,Sipho Baloyi,0761841987,Mpumalanga
951,Tshepo Mahlangu,0703922031,Gauteng
952,Sipho Mahlangu,0745488201,Western Cape
953,Thabo Mahlangu,0731870765,North West
954,Tshepo Ngcobo,0735040451,KZN
955,Sipho Mokoena,0788453143,North West
956,Kagiso Khumalo,0756980774,Western Cape
957,Sibusiso Mokoena,0723744257,Free State
958,Kagiso Moloto,0774352464,KZN
959,Kagiso Baloyi,0744019311,Eastern Cape
960,Sibusiso Mahlangu,0789149588,Free State
961,Sibusiso Mahlangu,0727283063,Free State
962,Tshepo Mahlangu,0727060399,Limpopo
963,Kagiso Sithole,0775598602,Free State
964,Thabo Dlamini,0709568383,Western Cape
965,Sipho Khumalo,0781454433,Gauteng
966,Nomsa Mahlangu,0755473262,Northern Cape
967,Thabo Khumalo,0755762498,Free State
968,Nomsa Ndlovu,0752034274,Gauteng
969,Thabo Sithole,0703944500,Gauteng
970,Buhle Mokoena,0782940132,Eastern Cape
971,Ayanda Mahlangu,0709962515,Western Cape
972,Sipho Mahlangu,0719761856,Northern Cape
973,Sibusiso Sithole,0768685945,Western Cape
974,Dineo Dlamini,0734209258,Northern Cape
975,Nomsa Ndlovu,0782919349,Northern Cape
976,Nomsa Mahlangu,0753612634,Limpopo
977,Nomsa Khumalo,0732937056,Eastern Cape
978,Ayanda Khumalo,0766735926,Western Cape
979,Buhle Mahlangu,0753844682,Western Cape
980,Lerato Moloto,0724250751,Northern Cape
981,Nomsa Khumalo,0754669925,Western Cape
982,Sibusiso Mahlangu,0772507719,North West
983,Buhle Sithole,0789559516,KZN
984,Sipho Mahlangu,0746064207,KZN
985,Sipho Khumalo,0764745913,Limpopo
986,Buhle Moloto,0753879586,Gauteng
987,Lerato Nkosi,0725276001,North West
988,Buhle Sithole,0783130203,Mpumalanga
989,Dineo Baloyi,0741499459,Eastern Cape
990,Sibusiso Mahlangu,0759040486,North West
991,Ayanda Khumalo,0769570334,North West
992,Buhle Sithole,0714198542,Free State
993,Kagiso Sithole,0745074004,Mpumalanga
994,Tshepo Khumalo,0743943134,Gauteng
995,Sipho Mahlangu,0721684994,KZN
996,Nomsa Moloto,0752613250,Free State
997,Lerato Ngcobo,0767036897,Free State
998,Tshepo Mahlangu,0739266950,Northern Cape
999,Buhle Baloyi,0751311405,Northern Cape
1000,Thabo Ngcobo,0706395583,Northern Cape
